{
    "C->C": 0.0,
    "C->S": 0.7445907251931415,
    "C->T": 0.5833305531064883,
    "C->P": 0.9536790668975006,
    "C->A": 0.4056700258627298,
    "C->G": 0.9456131779774151,
    "C->N": 1.1732606567620738,
    "C->D": 1.1467739759346445,
    "C->E": 1.4848817226232178,
    "C->Q": 1.3088649783120647,
    "C->H": 1.141209429059833,
    "C->R": 1.1596573713966456,
    "C->K": 1.2144898586332005,
    "C->M": 0.5204736263486579,
    "C->I": 0.4174347619531907,
    "C->L": 0.42724241509084987,
    "C->V": 0.4358374336289601,
    "C->F": 0.6215415859835519,
    "C->Y": 0.7645989119024806,
    "C->W": 0.6792214107796607,
    "S->C": 0.7445907251931415,
    "S->S": 0.0,
    "S->T": 0.2592711878651837,
    "S->P": 0.4518203849876417,
    "S->A": 0.2695154725316181,
    "S->G": 0.29679108576674,
    "S->N": 0.19586184098574128,
    "S->D": 0.26533256865184035,
    "S->E": 0.3078328045935687,
    "S->Q": 0.3649086128418328,
    "S->H": 0.6326842942354922,
    "S->R": 0.4254474208868111,
    "S->K": 0.3329887292327081,
    "S->M": 1.0664289729055625,
    "S->I": 1.171226504776007,
    "S->L": 1.213734190616292,
    "S->V": 1.0437057979604218,
    "S->F": 1.4295467644305035,
    "S->Y": 1.3785177947266118,
    "S->W": 1.3834440119696343,
    "T->C": 0.5833305531064883,
    "T->S": 0.2592711878651837,
    "T->T": 0.0,
    "T->P": 0.5331905374546033,
    "T->A": 0.3509834326166165,
    "T->G": 0.7057587868369817,
    "T->N": 0.4768087341161511,
    "T->D": 0.5621995436962315,
    "T->E": 0.6030217885898493,
    "T->Q": 0.64868956983067,
    "T->H": 0.9700470406271277,
    "T->R": 0.6235111296518622,
    "T->K": 0.5789438885589236,
    "T->M": 0.6768008975804217,
    "T->I": 0.5797803804117189,
    "T->L": 0.6240924967219527,
    "T->V": 0.4776704457953812,
    "T->F": 1.0290463281347362,
    "T->Y": 1.154618326947752,
    "T->W": 1.032516947541605,
    "P->C": 0.9536790668975006,
    "P->S": 0.4518203849876417,
    "P->T": 0.5331905374546033,
    "P->P": 0.0,
    "P->A": 0.5271945414398035,
    "P->G": 0.584545170977948,
    "P->N": 0.5582032882132326,
    "P->D": 0.41585292538681023,
    "P->E": 0.4168054206397748,
    "P->Q": 0.4690027617023095,
    "P->H": 0.7429065880209499,
    "P->R": 0.5793711011091879,
    "P->K": 0.4461574110032419,
    "P->M": 0.9984968669281112,
    "P->I": 1.0630536228876657,
    "P->L": 1.125828724105403,
    "P->V": 0.8693662592810594,
    "P->F": 1.5307907480520853,
    "P->Y": 1.2853545515740066,
    "P->W": 1.26483640235385,
    "A->C": 0.4056700258627298,
    "A->S": 0.2695154725316181,
    "A->T": 0.3509834326166165,
    "A->P": 0.5271945414398035,
    "A->A": 0.0,
    "A->G": 0.4344186813230633,
    "A->N": 0.7811188118214896,
    "A->D": 0.7684803197397744,
    "A->E": 0.719691922912569,
    "A->Q": 0.7424847302251195,
    "A->H": 1.1051621793129387,
    "A->R": 0.6720589074089749,
    "A->K": 0.6336065735314158,
    "A->M": 0.6625929333844905,
    "A->I": 0.5555440804056035,
    "A->L": 0.596978117010188,
    "A->V": 0.4281261241704896,
    "A->F": 1.0634723139595104,
    "A->Y": 1.2532478830273626,
    "A->W": 1.2279131152302611,
    "G->C": 0.9456131779774151,
    "G->S": 0.29679108576674,
    "G->T": 0.7057587868369817,
    "G->P": 0.584545170977948,
    "G->A": 0.4344186813230633,
    "G->G": 0.0,
    "G->N": 0.3276250665859206,
    "G->D": 0.4012954631622756,
    "G->E": 0.5466463664952631,
    "G->Q": 0.6365671997605551,
    "G->H": 0.6632813092148752,
    "G->R": 0.6194582357021543,
    "G->K": 0.6092115491097198,
    "G->M": 1.47995151131223,
    "G->I": 1.5311002222145358,
    "G->L": 1.6481275670693185,
    "G->V": 1.3500679360188956,
    "G->F": 1.2004258092441598,
    "G->Y": 1.1332807167459469,
    "G->W": 0.8296641849184961,
    "N->C": 1.1732606567620738,
    "N->S": 0.19586184098574128,
    "N->T": 0.4768087341161511,
    "N->P": 0.5582032882132326,
    "N->A": 0.7811188118214896,
    "N->G": 0.3276250665859206,
    "N->N": 0.0,
    "N->D": 0.1767046586423235,
    "N->E": 0.23197622644313995,
    "N->Q": 0.28632897583547245,
    "N->H": 0.3042808669254112,
    "N->R": 0.2855291401630036,
    "N->K": 0.28327069734199045,
    "N->M": 1.3042516258860486,
    "N->I": 1.4861763293425296,
    "N->L": 1.556665943839337,
    "N->V": 1.460210949792846,
    "N->F": 1.399581215255555,
    "N->Y": 1.062514494350774,
    "N->W": 1.310350592097782,
    "D->C": 1.1467739759346445,
    "D->S": 0.26533256865184035,
    "D->T": 0.5621995436962315,
    "D->P": 0.41585292538681023,
    "D->A": 0.7684803197397744,
    "D->G": 0.4012954631622756,
    "D->N": 0.1767046586423235,
    "D->D": 0.0,
    "D->E": 0.11418411299812838,
    "D->Q": 0.2873436023168185,
    "D->H": 0.4854608278413468,
    "D->R": 0.4869599533360197,
    "D->K": 0.3703465223775563,
    "D->M": 1.5288979768576292,
    "D->I": 1.44565922505093,
    "D->L": 1.7880198173518271,
    "D->V": 1.3557161916768878,
    "D->F": 1.4631635377249894,
    "D->Y": 1.2525533999292393,
    "D->W": 1.306534465671288,
    "E->C": 1.4848817226232178,
    "E->S": 0.3078328045935687,
    "E->T": 0.6030217885898493,
    "E->P": 0.4168054206397748,
    "E->A": 0.719691922912569,
    "E->G": 0.5466463664952631,
    "E->N": 0.23197622644313995,
    "E->D": 0.11418411299812838,
    "E->E": 0.0,
    "E->Q": 0.09332329923866983,
    "E->H": 0.3838829482466188,
    "E->R": 0.2453571873830541,
    "E->K": 0.16225412858498942,
    "E->M": 1.1924624934654122,
    "E->I": 1.468266521942015,
    "E->L": 1.5116624603006403,
    "E->V": 1.2583200823227818,
    "E->F": 1.4681589698517494,
    "E->Y": 1.0595061490606683,
    "E->W": 1.179383085335579,
    "Q->C": 1.3088649783120647,
    "Q->S": 0.3649086128418328,
    "Q->T": 0.64868956983067,
    "Q->P": 0.4690027617023095,
    "Q->A": 0.7424847302251195,
    "Q->G": 0.6365671997605551,
    "Q->N": 0.28632897583547245,
    "Q->D": 0.2873436023168185,
    "Q->E": 0.09332329923866983,
    "Q->Q": 0.0,
    "Q->H": 0.37911446616090655,
    "Q->R": 0.15669970122601648,
    "Q->K": 0.13895833326571175,
    "Q->M": 0.7991607248027464,
    "Q->I": 1.3967586131359762,
    "Q->L": 1.1793188708307747,
    "Q->V": 1.2069447370321174,
    "Q->F": 1.3536797214624352,
    "Q->Y": 0.8943253271207641,
    "Q->W": 0.9771078196208208,
    "H->C": 1.141209429059833,
    "H->S": 0.6326842942354922,
    "H->T": 0.9700470406271277,
    "H->P": 0.7429065880209499,
    "H->A": 1.1051621793129387,
    "H->G": 0.6632813092148752,
    "H->N": 0.3042808669254112,
    "H->D": 0.4854608278413468,
    "H->E": 0.3838829482466188,
    "H->Q": 0.37911446616090655,
    "H->H": 0.0,
    "H->R": 0.3797834742969873,
    "H->K": 0.4954498642634685,
    "H->M": 1.0967392212581186,
    "H->I": 1.246732427042525,
    "H->L": 1.236226179948795,
    "H->V": 1.34733604083918,
    "H->F": 0.6527074643564713,
    "H->Y": 0.3312423314639015,
    "H->W": 0.7071616365729455,
    "R->C": 1.1596573713966456,
    "R->S": 0.4254474208868111,
    "R->T": 0.6235111296518622,
    "R->P": 0.5793711011091879,
    "R->A": 0.6720589074089749,
    "R->G": 0.6194582357021543,
    "R->N": 0.2855291401630036,
    "R->D": 0.4869599533360197,
    "R->E": 0.2453571873830541,
    "R->Q": 0.15669970122601648,
    "R->H": 0.3797834742969873,
    "R->R": 0.0,
    "R->K": 0.07960019724064296,
    "R->M": 0.8240918145836601,
    "R->I": 1.315559816441337,
    "R->L": 1.0477266640836362,
    "R->V": 1.2420180539760046,
    "R->F": 1.301246940277321,
    "R->Y": 0.9539353002715848,
    "R->W": 1.0655522657902157,
    "K->C": 1.2144898586332005,
    "K->S": 0.3329887292327081,
    "K->T": 0.5789438885589236,
    "K->P": 0.4461574110032419,
    "K->A": 0.6336065735314158,
    "K->G": 0.6092115491097198,
    "K->N": 0.28327069734199045,
    "K->D": 0.3703465223775563,
    "K->E": 0.16225412858498942,
    "K->Q": 0.13895833326571175,
    "K->H": 0.4954498642634685,
    "K->R": 0.07960019724064296,
    "K->K": 0.0,
    "K->M": 0.866656480011727,
    "K->I": 1.3206648428002792,
    "K->L": 1.1099064715334035,