{
 "d_i": [
  1,
  1,
  1,
  1,
  1,
  1,
  1,
  1,
  1
 ],
 "M_ab": {
  "C->C": 0.0,
  "C->S": 0.33550195279550216,
  "C->T": 0.926589768033525,
  "C->P": 0.3128284852768843,
  "C->A": 0.5675732564732276,
  "C->G": 0.34160732554305606,
  "C->N": 1.4096271093024317,
  "C->D": 0.6787140698001679,
  "C->E": 0.3581536803150927,
  "C->Q": 0.8344339850150896,
  "C->H": 1.3268263529625957,
  "C->R": 0.3801213822779029,
  "C->K": 0.7028012513495152,
  "C->M": 0.904656287938038,
  "C->I": 1.1051034056276463,
  "C->L": 0.9457201552243134,
  "C->V": 0.6530838478978434,
  "C->F": 0.46362271487167034,
  "C->Y": 0.37049206655584677,
  "C->W": 0.7871797505181083,
  "S->C": 0.33550195279550216,
  "S->S": 0.0,
  "S->T": 0.5307470120370756,
  "S->P": 0.342624897956151,
  "S->A": 0.18952657944763526,
  "S->G": 0.42708062856801987,
  "S->N": 1.381089144162082,
  "S->D": 0.5518306946254165,
  "S->E": 0.2728813207592029,
  "S->Q": 1.2884577422736376,
  "S->H": 1.4525350568463995,
  "S->R": 1.1135246356887527,
  "S->K": 1.6277596613233178,
  "S->M": 0.43593261070084455,
  "S->I": 1.6886481577313772,
  "S->L": 0.7785872597658972,
  "S->V": 0.32534153401932897,
  "S->F": 0.13538902703225833,
  "S->Y": 0.3084427903428632,
  "S->W": 1.2593817850031057,
  "T->C": 0.926589768033525,
  "T->S": 0.5307470120370756,
  "T->T": 0.0,
  "T->P": 0.6944189118909989,
  "T->A": 0.2375365362947435,
  "T->G": 0.7854198704488283,
  "T->N": 0.4907680706666238,
  "T->D": 0.5201958536068602,
  "T->E": 0.6690711792764124,
  "T->Q": 0.7664502126497983,
  "T->H": 0.6182057481131238,
  "T->R": 1.237484222041717,
  "T->K": 1.2171499297340276,
  "T->M": 0.3134327651837383,
  "T->I": 0.8357879528131315,
  "T->L": 0.5339002893073349,
  "T->V": 0.37295777709092315,
  "T->F": 0.6254499005085279,
  "T->Y": 0.6119871703442158,
  "T->W": 1.161032966571058,
  "P->C": 0.3128284852768843,
  "P->S": 0.342624897956151,
  "P->T": 0.6944189118909989,
  "P->P": 0.0,
  "P->A": 0.42239166897491187,
  "P->G": 0.20374364006322315,
  "P->N": 1.3926650150087547,
  "P->D": 0.5217006210881585,
  "P->E": 0.1387898169553472,
  "P->Q": 0.8230225744813126,
  "P->H": 1.4034907945146764,
  "P->R": 0.8268584858398905,
  "P->K": 1.3763559960158755,
  "P->M": 0.6841608595721076,
  "P->I": 1.1617482094207825,
  "P->L": 1.0819076787249486,
  "P->V": 0.6502914367654649,
  "P->F": 0.321175374576133,
  "P->Y": 0.13077565843760966,
  "P->W": 0.7383190643260245,
  "A->C": 0.5675732564732276,
  "A->S": 0.18952657944763526,
  "A->T": 0.2375365362947435,
  "A->P": 0.42239166897491187,
  "A->A": 0.0,
  "A->G": 0.4714260881179768,
  "A->N": 1.0405606558420932,
  "A->D": 0.45383558832528953,
  "A->E": 0.40001813340773557,
  "A->Q": 1.2606259825862414,
  "A->H": 1.2432656463278104,
  "A->R": 1.2983684490504894,
  "A->K": 1.564056054761227,
  "A->M": 0.16719795474581994,
  "A->I": 1.4238180241378633,
  "A->L": 0.5995342176860248,
  "A->V": 0.3041884663044883,
  "A->F": 0.2723967317214044,
  "A->Y": 0.33908601366066976,
  "A->W": 1.4015142387315138,
  "G->C": 0.34160732554305606,
  "G->S": 0.42708062856801987,
  "G->T": 0.7854198704488283,
  "G->P": 0.20374364006322315,
  "G->A": 0.4714260881179768,
  "G->G": 1.1102230246251565e-16,
  "G->N": 1.215850943174596,
  "G->D": 0.7032923412229483,
  "G->E": 0.26658782393239117,
  "G->Q": 0.9332607426075387,
  "G->H": 1.314815134961702,
  "G->R": 0.6949743296138473,
  "G->K": 1.0500857647447646,
  "G->M": 0.6296225504896404,
  "G->I": 1.120136269657182,
  "G->L": 1.0689213774167086,
  "G->V": 0.7495809795771716,
  "G->F": 0.4837438430598574,
  "G->Y": 0.07781714950563813,
  "G->W": 0.8318659823459247,
  "N->C": 1.4096271093024315,
  "N->S": 1.381089144162082,
  "N->T": 0.4907680706666238,
  "N->P": 1.392665015008755,
  "N->A": 1.0405606558420932,
  "N->G": 1.215850943174596,
  "N->N": 1.1102230246251565e-16,
  "N->D": 1.0229199515882306,
  "N->E": 1.4649443999534073,
  "N->Q": 0.1866755766064402,
  "N->H": 0.01834832366743851,
  "N->R": 0.6181494620435262,
  "N->K": 0.3840810159328815,
  "N->M": 0.47430217055952273,
  "N->I": 0.11858439865071632,
  "N->L": 0.4888971279233774,
  "N->V": 1.2867226733148014,
  "N->F": 1.482435934120955,
  "N->Y": 1.3654149692665563,
  "N->W": 0.7634497755134434,
  "D->C": 0.6787140698001679,
  "D->S": 0.5518306946254165,
  "D->T": 0.5201958536068602,
  "D->P": 0.5217006210881585,
  "D->A": 0.45383558832528953,
  "D->G": 0.7032923412229483,
  "D->N": 1.0229199515882303,
  "D->D": 0.0,
  "D->E": 0.4545172640397287,
  "D->Q": 1.1550475451074638,
  "D->H": 1.0396108569139713,
  "D->R": 1.125912925683514,
  "D->K": 1.2727502588342139,
  "D->M": 0.555260232519132,
  "D->I": 1.262425053552122,
  "D->L": 0.9624292788913467,
  "D->V": 0.5568350049543871,
  "D->F": 0.4148830714891432,
  "D->Y": 0.48456705265156313,
  "D->W": 1.0261634200374492,
  "E->C": 0.3581536803150927,
  "E->S": 0.2728813207592029,
  "E->T": 0.6690711792764124,
  "E->P": 0.13878981695534734,
  "E->A": 0.40001813340773557,
  "E->G": 0.26658782393239117,
  "E->N": 1.464944399953407,
  "E->D": 0.4545172640397287,
  "E->E": 0.0,
  "E->Q": 1.1787884162395728,
  "E->H": 1.5914319527371816,
  "E->R": 0.9805798319300459,
  "E->K": 1.3923030725522836,
  "E->M": 0.6095517430165596,
  "E->I": 1.4072881708467524,
  "E->L": 1.0011336300961888,
  "E->V": 0.6861512831550404,
  "E->F": 0.14686654407739352,
  "E->Y": 0.17677549506516088,
  "E->W": 0.9956789764134397,
  "Q->C": 0.8344339850150896,
  "Q->S": 1.2884577422736376,
  "Q->T": 0.7664502126497983,
  "Q->P": 0.8230225744813126,
  "Q->A": 1.2606259825862414,
  "Q->G": 0.9332607426075387,
  "Q->N": 0.1866755766064402,
  "Q->D": 1.1550475451074638,
  "Q->E": 1.1787884162395728,
  "Q->Q": 0.0,
  "Q->H": 0.12914223224705607,
  "Q->R": 0.42716929396359127,
  "Q->K": 0.3077273189868667,
  "Q->M": 0.7461108704337724,
  "Q->I": 0.062076868691762294,
  "Q->L": 0.7012979814359437,
  "Q->V": 1.2581055148945774,
  "Q->F": 1.5398600014003274,
  "Q->Y": 1.1101047884020798,
  "Q->W": 0.5372747263415345,
  "H->C": 1.3268263529625957,
  "H->S": 1.4525350568463995,
  "H->T": 0.6182057481131238,
  "H->P": 1.4034907945146764,
  "H->A": 1.2432656463278107,
  "H->G": 1.3148151349617019,
  "H->N": 0.01834832366743851,
  "H->D": 1.0396108569139713,
  "H->E": 1.5914319527371816,
  "H->Q": 0.12914223224705607,
  "H->H": 0.0,
  "H->R": 0.5427282791209209,
  "H->K": 0.3107764606581264,
  "H->M": 0.5964545965736017,
  "H->I": 0.06961088604469971,
  "H->L": 0.5709633657031487,
  "H->V": 1.2994183846822833,
  "H->F": 1.539571829756978,
  "H->Y": 1.4614676986458093,
  "H->W": 0.6953573095131237,
  "R->C": 0.3801213822779029,
  "R->S": 1.1135246356887527,
  "R->T": 1.237484222041717,
  "R->P": 0.8268584858398905,
  "R->A": 1.2983684490504894,
  "R->G": 0.6949743296138473,
  "R->N": 0.6181494620435262,
  "R->D": 1.125912925683514,
  "R->E": 0.9805798319300459,
  "R->Q": 0.4271692939635915,
  "R->H": 0.5427282791209209,
  "R->R": 0.0,
  "R->K": 0.0978992289995234,
  "R->M": 1.1796911656002524,
  "R->I": 0.4432693128199373,
  "R->L": 0.9492848097775565,
  "R->V": 1.126568574844797,
  "R->F": 1.237239425862159,
  "R->Y": 1.0036930696411739,
  "R->W": 0.2552382124629395,
  "K->C": 0.7028012513495152,
  "K->S": 1.6277596613233178,
  "K->T": 1.2171499297340276,
  "K->P": 1.3763559960158758,
  "K->A": 1.564056054761227,
  "K->G": 1.0500857647447646,
  "K->N": 0.3840810159328815,
  "K->D": 1.272750258834214,
  "K->E": 1.3923030725522836,
  "K->Q": 0.3077273189868667,
  "K->H": 0.3107764606581264,
  "K->R": 0.0978992289995234,
  "K->K": 0.0,
  "K->M": 1.0328391320632098,
  "K->I": 0.21801212689947783,
  "K->L": 0.6940535946328654,
  "K->V": 1.3083795431890328,
  "K->F": 1.7326528359092739,
  "K->Y": 1.538518460393669,
  "K->W": 0.3024123436594025,
  "M->C": 0.904656287938038,
  "M->S": 0.43593261070084455,
  "M->T": 0.3134327651837383,
  "M->P": 0.6841608595721076,
  "M->A": 0.16719795474581994,
  "M->G": 0.6296225504896404,
  "M->N": 0.47430217055952273,
  "M->D": 0.555260232519132,
  "M->E": 0.6095517430165596,