{
 "d_i": [
  1,
  1,
  1,
  1,
  1,
  1,
  1,
  1,
  1
 ],
 "M_ab": {
  "C->C": 0.0,
  "C->S": 0.5322522455489922,
  "C->T": 0.7872994406194874,
  "C->P": 0.6958837739115442,
  "C->A": 0.666987070467868,
  "C->G": 1.1393253348259076,
  "C->N": 0.7056790056913967,
  "C->D": 0.25062294005153096,
  "C->E": 0.48786174262620646,
  "C->Q": 0.7780599783686483,
  "C->H": 0.8952390746446928,
  "C->R": 0.5940182743956874,
  "C->K": 1.0406609024162568,
  "C->M": 0.902081993090144,
  "C->I": 0.6724451980337871,
  "C->L": 0.8237538176079381,
  "C->V": 0.7929491054236512,
  "C->F": 0.5871998884991151,
  "C->Y": 0.7761738585522178,
  "C->W": 0.40839367719192204,
  "S->C": 0.5322522455489922,
  "S->S": 0.0,
  "S->T": 0.4068688919761749,
  "S->P": 0.5262109320514119,
  "S->A": 0.2398498397167703,
  "S->G": 0.5850824822760908,
  "S->N": 0.7571287939302538,
  "S->D": 0.8901163817557811,
  "S->E": 0.4822656553455222,
  "S->Q": 0.5178378376507194,
  "S->H": 0.5885460289806698,
  "S->R": 0.4082374186585464,
  "S->K": 0.6140928865428551,
  "S->M": 0.9295570269474642,
  "S->I": 0.41989649012314595,
  "S->L": 0.5589916778247898,
  "S->V": 0.6951443615626761,
  "S->F": 0.4700410891915143,
  "S->Y": 0.5073799304500992,
  "S->W": 0.8000859988788057,
  "T->C": 0.7872994406194873,
  "T->S": 0.4068688919761749,
  "T->T": 1.1102230246251565e-16,
  "T->P": 0.4093770678604538,
  "T->A": 1.3414676716347145,
  "T->G": 0.6993540292260704,
  "T->N": 0.9351199567550906,
  "T->D": 1.2888533993621003,
  "T->E": 0.6563074330238675,
  "T->Q": 1.1528791194756391,
  "T->H": 0.9361454129598247,
  "T->R": 0.8591215159204174,
  "T->K": 0.4480736772289776,
  "T->M": 0.5154768440095431,
  "T->I": 0.6273340230038613,
  "T->L": 0.22113629730484075,
  "T->V": 0.22180901830254265,
  "T->F": 0.2522553677658393,
  "T->Y": 0.30203103536396975,
  "T->W": 0.7196030425657536,
  "P->C": 0.6958837739115442,
  "P->S": 0.5262109320514119,
  "P->T": 0.4093770678604538,
  "P->P": 0.0,
  "P->A": 0.8042252276821622,
  "P->G": 0.5297867374428522,
  "P->N": 0.9918681980180856,
  "P->D": 0.8788184328689014,
  "P->E": 0.17890809234519786,
  "P->Q": 1.2669889935508198,
  "P->H": 0.531107057515432,
  "P->R": 0.2569502984828459,
  "P->K": 1.354129233361317,
  "P->M": 0.5770388086324072,
  "P->I": 0.27284955484828083,
  "P->L": 0.12000854484475897,
  "P->V": 0.8970119344559468,
  "P->F": 0.7474822595373466,
  "P->Y": 1.0101866947943094,
  "P->W": 1.0995136940096286,
  "A->C": 0.666987070467868,
  "A->S": 0.2398498397167703,
  "A->T": 1.3414676716347143,
  "A->P": 0.8042252276821622,
  "A->A": 0.0,
  "A->G": 0.6113336202681535,
  "A->N": 0.6471553727637546,
  "A->D": 0.5750211764161799,
  "A->E": 0.550204244782732,
  "A->Q": 0.31353620318483166,
  "A->H": 0.4116115127587481,
  "A->R": 0.37132968648326065,
  "A->K": 0.7067954803158554,
  "A->M": 1.008845445799709,
  "A->I": 0.4521595702707453,
  "A->L": 1.2880694942557036,
  "A->V": 1.127363389401774,
  "A->F": 0.8263839460198303,
  "A->Y": 0.7362613058430364,
  "A->W": 0.7574084801901951,
  "G->C": 1.1393253348259076,
  "G->S": 0.5850824822760908,
  "G->T": 0.6993540292260704,
  "G->P": 0.5297867374428522,
  "G->A": 0.6113336202681535,
  "G->G": 0.0,
  "G->N": 0.8862281898015851,
  "G->D": 0.8966543754952492,
  "G->E": 0.9187687402153157,
  "G->Q": 0.7055648363730468,
  "G->H": 0.6504930926905115,
  "G->R": 0.4401233256144371,
  "G->K": 0.46474217254587386,
  "G->M": 0.44023352266934507,
  "G->I": 0.40929736822183393,
  "G->L": 0.535713076167192,
  "G->V": 0.6481566822295657,
  "G->F": 0.7386992479844852,
  "G->Y": 0.7499468145833529,
  "G->W": 0.8851639219510489,
  "N->C": 0.7056790056913967,
  "N->S": 0.7571287939302538,
  "N->T": 0.9351199567550904,
  "N->P": 0.9918681980180856,
  "N->A": 0.6471553727637546,
  "N->G": 0.8862281898015851,
  "N->N": 0.0,
  "N->D": 0.43407017293857886,
  "N->E": 1.013371530642247,
  "N->Q": 0.8766294274412489,
  "N->H": 0.6037140006679614,
  "N->R": 0.680127976595508,
  "N->K": 0.8645805229694311,
  "N->M": 0.4802777677032794,
  "N->I": 1.1518979941891336,
  "N->L": 1.0706733834922053,
  "N->V": 0.8691304086660986,
  "N->F": 0.7923416060716036,
  "N->Y": 0.8713285751531051,
  "N->W": 0.5695329779623282,
  "D->C": 0.25062294005153096,
  "D->S": 0.8901163817557812,
  "D->T": 1.2888533993621003,
  "D->P": 0.8788184328689014,
  "D->A": 0.5750211764161799,
  "D->G": 0.8966543754952492,
  "D->N": 0.43407017293857886,
  "D->D": 0.0,
  "D->E": 0.7838868054440196,
  "D->Q": 0.5653662645244282,
  "D->H": 0.5674848381767419,
  "D->R": 0.5054091016109367,
  "D->K": 0.9475021852436254,
  "D->M": 0.7810208331713294,
  "D->I": 0.6373233796356504,
  "D->L": 1.1060888572177494,
  "D->V": 1.2937673818341293,
  "D->F": 0.7149997836306897,
  "D->Y": 0.8488794114604715,
  "D->W": 0.6050923974570165,
  "E->C": 0.48786174262620646,
  "E->S": 0.4822656553455222,
  "E->T": 0.6563074330238677,
  "E->P": 0.17890809234519786,
  "E->A": 0.550204244782732,
  "E->G": 0.9187687402153156,
  "E->N": 1.0133715306422473,
  "E->D": 0.7838868054440196,
  "E->E": 0.0,
  "E->Q": 0.9418111862634123,
  "E->H": 0.40762784694977783,
  "E->R": 0.4883311431379409,
  "E->K": 1.9174894551967687,
  "E->M": 0.8333970064795523,
  "E->I": 0.34612563961263676,
  "E->L": 0.31787183684936277,
  "E->V": 1.1656872732717227,
  "E->F": 0.9503862038018769,
  "E->Y": 1.0085736436722272,
  "E->W": 1.0512552414916385,
  "Q->C": 0.7780599783686483,
  "Q->S": 0.5178378376507194,
  "Q->T": 1.1528791194756391,
  "Q->P": 1.26698899355082,
  "Q->A": 0.31353620318483166,
  "Q->G": 0.7055648363730468,
  "Q->N": 0.8766294274412489,
  "Q->D": 0.5653662645244282,
  "Q->E": 0.9418111862634123,
  "Q->Q": 1.1102230246251565e-16,
  "Q->H": 0.5732958636590293,
  "Q->R": 0.6400464459812077,
  "Q->K": 0.4852807846930184,
  "Q->M": 1.1782578488997433,
  "Q->I": 0.5175648919314197,
  "Q->L": 1.081599808966408,
  "Q->V": 1.161238406151713,
  "Q->F": 0.9317734085784433,
  "Q->Y": 0.6112664624420058,
  "Q->W": 0.9849365089266957,
  "H->C": 0.8952390746446928,
  "H->S": 0.5885460289806698,
  "H->T": 0.9361454129598247,
  "H->P": 0.531107057515432,
  "H->A": 0.4116115127587481,
  "H->G": 0.6504930926905115,
  "H->N": 0.6037140006679614,
  "H->D": 0.5674848381767419,
  "H->E": 0.40762784694977766,
  "H->Q": 0.5732958636590293,
  "H->H": 0.0,
  "H->R": 0.38612645294759007,
  "H->K": 0.87468571713162,
  "H->M": 0.5269922776538921,
  "H->I": 0.40484633130010567,
  "H->L": 0.5606358078438968,
  "H->V": 1.2563864938675744,
  "H->F": 1.2431158910644289,
  "H->Y": 0.7646762625196405,
  "H->W": 0.6401450006078582,
  "R->C": 0.5940182743956874,
  "R->S": 0.4082374186585464,
  "R->T": 0.8591215159204174,
  "R->P": 0.2569502984828459,
  "R->A": 0.37132968648326065,
  "R->G": 0.4401233256144373,
  "R->N": 0.680127976595508,
  "R->D": 0.5054091016109367,
  "R->E": 0.4883311431379409,
  "R->Q": 0.6400464459812077,
  "R->H": 0.38612645294759007,
  "R->R": 0.0,
  "R->K": 1.02370884843429,
  "R->M": 0.8315121480097809,
  "R->I": 0.3583500914144796,
  "R->L": 0.4820484621167878,
  "R->V": 1.1539952680280625,
  "R->F": 0.7383521892313648,
  "R->Y": 0.8736192595778183,
  "R->W": 0.7941977952877612,
  "K->C": 1.0406609024162568,
  "K->S": 0.6140928865428551,
  "K->T": 0.4480736772289776,
  "K->P": 1.354129233361317,
  "K->A": 0.7067954803158554,
  "K->G": 0.46474217254587386,
  "K->N": 0.8645805229694311,
  "K->D": 0.9475021852436254,
  "K->E": 1.9174894551967687,
  "K->Q": 0.4852807846930184,
  "K->H": 0.87468571713162,
  "K->R": 1.02370884843429,
  "K->K": 0.0,
  "K->M": 0.5095610006543243,
  "K->I": 1.0534875359436204,
  "K->L": 1.0444591099729952,
  "K->V": 0.24016850806487686,
  "K->F": 0.3269438783836518,
  "K->Y": 0.2108896418168272,
  "K->W": 0.47524068892926513,
  "M->C": 0.902081993090144,
  "M->S": 0.9295570269474642,
  "M->T": 0.5154768440095431,
  "M->P": 0.5770388086324072,
  "M->A": 1.008845445799709,
  "M->G": 0.44023352266934507,
  "M->N": 0.4802777677032794,
  "M->D": 0.7810208331713294,
  "M->E": 0.8333970064795523,