{
 "d_i": [
  1,
  1,
  1,
  1,
  1,
  1,
  1,
  1,
  1
 ],
 "M_ab": {
  "C->C": 0.0,
  "C->S": 1.0867031737676418,
  "C->T": 0.9244441987447173,
  "C->P": 0.7389733701249571,
  "C->A": 0.7220253944836007,
  "C->G": 0.5335613449289499,
  "C->N": 0.6306888208388639,
  "C->D": 0.4251741777699777,
  "C->E": 0.39944606241610714,
  "C->Q": 1.122783604372075,
  "C->H": 0.938975864211568,
  "C->R": 1.4090407128647673,
  "C->K": 1.5305503632934654,
  "C->M": 0.7440594764943199,
  "C->I": 0.5452258910585269,
  "C->L": 0.7093275921600186,
  "C->V": 0.7111386157925997,
  "C->F": 0.304018012167403,
  "C->Y": 0.45022035580868713,
  "C->W": 0.2783320031032715,
  "S->C": 1.0867031737676416,
  "S->S": 0.0,
  "S->T": 0.11388178215148395,
  "S->P": 0.4888473209731321,
  "S->A": 0.38376685052985177,
  "S->G": 0.32419464345642196,
  "S->N": 0.5362945980387982,
  "S->D": 0.6758630775198369,
  "S->E": 0.7960106596721149,
  "S->Q": 0.2872202003220589,
  "S->H": 0.5805546481953169,
  "S->R": 0.4719373277838142,
  "S->K": 0.5474779186725096,
  "S->M": 1.3579769617326218,
  "S->I": 1.4330719129199778,
  "S->L": 1.606742820843074,
  "S->V": 0.7428525000829964,
  "S->F": 2.101807247099703,
  "S->Y": 1.4548288060748304,
  "S->W": 1.3482029431664206,
  "T->C": 0.9244441987447173,
  "T->S": 0.11388178215148395,
  "T->T": 0.0,
  "T->P": 0.3299831919830341,
  "T->A": 0.2684284177113553,
  "T->G": 0.36610583891219844,
  "T->N": 0.6974570327080402,
  "T->D": 0.500471427872074,
  "T->E": 0.5646423166589047,
  "T->Q": 0.3466754996192677,
  "T->H": 1.045748799111042,
  "T->R": 0.88521303666038,
  "T->K": 0.9228106954193771,
  "T->M": 1.4923519878346965,
  "T->I": 0.9366859654251368,
  "T->L": 1.1388731128802192,
  "T->V": 0.33795073744946336,
  "T->F": 1.8532040392200562,
  "T->Y": 1.653684978347365,
  "T->W": 1.3019447722855202,
  "P->C": 0.7389733701249571,
  "P->S": 0.4888473209731321,
  "P->T": 0.3299831919830341,
  "P->P": 0.0,
  "P->A": 0.2883194151552412,
  "P->G": 0.4362514999290202,
  "P->N": 0.7895595501479662,
  "P->D": 0.3613287740934035,
  "P->E": 0.3974149478474691,
  "P->Q": 0.36282433338706727,
  "P->H": 1.2575408737557798,
  "P->R": 0.8802801022701342,
  "P->K": 0.9826787082931905,
  "P->M": 1.6995093656908553,
  "P->I": 0.893109496290258,
  "P->L": 1.1161950933569966,
  "P->V": 0.4612256929851721,
  "P->F": 1.4414824642793866,
  "P->Y": 1.609097716201427,
  "P->W": 1.2299413955589065,
  "A->C": 0.7220253944836007,
  "A->S": 0.38376685052985177,
  "A->T": 0.2684284177113553,
  "A->P": 0.288319415155241,
  "A->A": 0.0,
  "A->G": 0.2970394553050266,
  "A->N": 1.680222203757289,
  "A->D": 0.7188726233214795,
  "A->E": 0.64549121555211,
  "A->Q": 0.8420639091758493,
  "A->H": 1.375136869434529,
  "A->R": 0.7548213516445923,
  "A->K": 0.736821831877713,
  "A->M": 1.512265380636546,
  "A->I": 0.6447549248485274,
  "A->L": 0.9699769470419949,
  "A->V": 0.24650122678601918,
  "A->F": 1.1577638640983423,
  "A->Y": 1.4852603703587388,
  "A->W": 2.093661049494387,
  "G->C": 0.5335613449289499,
  "G->S": 0.3241946434564218,
  "G->T": 0.36610583891219844,
  "G->P": 0.43625149992902,
  "G->A": 0.2970394553050266,
  "G->G": 1.1102230246251565e-16,
  "G->N": 0.7855064330116442,
  "G->D": 0.6582798178586811,
  "G->E": 0.6611521453940525,
  "G->Q": 0.6264788837389312,
  "G->H": 1.0346247407295759,
  "G->R": 0.8108530953310757,
  "G->K": 0.8375471067345756,
  "G->M": 1.3353175344607637,
  "G->I": 0.8890746882387206,
  "G->L": 1.1660381279620644,
  "G->V": 0.5956456057744521,
  "G->F": 0.9071555973215415,
  "G->Y": 1.0796793052719302,
  "G->W": 1.065379937104658,
  "N->C": 0.6306888208388639,
  "N->S": 0.5362945980387982,
  "N->T": 0.6974570327080402,
  "N->P": 0.7895595501479662,
  "N->A": 1.680222203757289,
  "N->G": 0.7855064330116442,
  "N->N": 0.0,
  "N->D": 0.4153771961552269,
  "N->E": 0.49690161929141413,
  "N->Q": 0.29576122954037753,
  "N->H": 0.36154700126198624,
  "N->R": 0.7736114453801226,
  "N->K": 0.8875559531024324,
  "N->M": 0.573125474734732,
  "N->I": 1.2691658573192304,
  "N->L": 0.8506965288052561,
  "N->V": 1.3921837003728115,
  "N->F": 0.7917661185499543,
  "N->Y": 0.574261855188349,
  "N->W": 0.3334512697834258,
  "D->C": 0.4251741777699777,
  "D->S": 0.6758630775198369,
  "D->T": 0.500471427872074,
  "D->P": 0.3613287740934035,
  "D->A": 0.7188726233214795,
  "D->G": 0.6582798178586811,
  "D->N": 0.4153771961552269,
  "D->D": 0.0,
  "D->E": 0.10199454426009862,
  "D->Q": 0.48148455208276814,
  "D->H": 0.9773667029017237,
  "D->R": 1.2728256866543044,
  "D->K": 1.4752353213332636,
  "D->M": 0.9749074173881214,
  "D->I": 0.8577385866400846,
  "D->L": 0.9144443522280831,
  "D->V": 0.7216482608037483,
  "D->F": 0.838848480645407,
  "D->Y": 0.9097108512986913,
  "D->W": 0.5986726914363194,
  "E->C": 0.39944606241610714,
  "E->S": 0.7960106596721149,
  "E->T": 0.5646423166589047,
  "E->P": 0.3974149478474691,
  "E->A": 0.64549121555211,
  "E->G": 0.6611521453940525,
  "E->N": 0.49690161929141413,
  "E->D": 0.10199454426009874,
  "E->E": 0.0,
  "E->Q": 0.4296396023151452,
  "E->H": 1.2416554472047512,
  "E->R": 1.5761572112527031,
  "E->K": 1.8213036702924856,
  "E->M": 0.8389351110852755,
  "E->I": 0.6485874546473823,
  "E->L": 0.6376780937937772,
  "E->V": 0.5701175597084153,
  "E->F": 0.7309575852450374,
  "E->Y": 0.9456251142249569,
  "E->W": 0.6335666085883812,
  "Q->C": 1.1227836043720747,
  "Q->S": 0.2872202003220589,
  "Q->T": 0.3466754996192677,
  "Q->P": 0.36282433338706727,
  "Q->A": 0.8420639091758493,
  "Q->G": 0.6264788837389312,
  "Q->N": 0.29576122954037753,
  "Q->D": 0.48148455208276814,
  "Q->E": 0.42963960231514503,
  "Q->Q": 0.0,
  "Q->H": 0.6546375917664554,
  "Q->R": 0.622989079395792,
  "Q->K": 0.7816452395056399,
  "Q->M": 0.8817527584532623,
  "Q->I": 1.3071840921865825,
  "Q->L": 0.9546849574102922,
  "Q->V": 0.9275600899509359,
  "Q->F": 1.7413295933413087,
  "Q->Y": 1.269765389235688,
  "Q->W": 0.8478198559020605,
  "H->C": 0.9389758642115678,
  "H->S": 0.5805546481953169,
  "H->T": 1.045748799111042,
  "H->P": 1.2575408737557796,
  "H->A": 1.3751368694345285,
  "H->G": 1.0346247407295757,
  "H->N": 0.36154700126198624,
  "H->D": 0.9773667029017237,
  "H->E": 1.2416554472047512,
  "H->Q": 0.6546375917664554,
  "H->H": 0.0,
  "H->R": 0.16127827849497617,
  "H->K": 0.19843541194652192,
  "H->M": 0.6459805637535513,
  "H->I": 1.6104865595581697,
  "H->L": 1.1674787065655032,
  "H->V": 2.3230002038976925,
  "H->F": 0.7407081079778219,
  "H->Y": 0.35864083835861493,
  "H->W": 0.544215564082917,
  "R->C": 1.4090407128647673,
  "R->S": 0.4719373277838142,
  "R->T": 0.88521303666038,
  "R->P": 0.880280102270134,
  "R->A": 0.7548213516445924,
  "R->G": 0.8108530953310757,
  "R->N": 0.7736114453801226,
  "R->D": 1.2728256866543044,
  "R->E": 1.5761572112527036,
  "R->Q": 0.622989079395792,
  "R->H": 0.16127827849497603,
  "R->R": 0.0,
  "R->K": 0.039107875734612975,
  "R->M": 0.9052284393740191,
  "R->I": 1.513695997301573,
  "R->L": 1.329247602278509,
  "R->V": 1.5449727286266932,
  "R->F": 1.0693360128402187,
  "R->Y": 0.611045793855856,
  "R->W": 1.0668508336118825,
  "K->C": 1.5305503632934654,
  "K->S": 0.5474779186725096,
  "K->T": 0.9228106954193771,
  "K->P": 0.9826787082931905,
  "K->A": 0.736821831877713,
  "K->G": 0.8375471067345756,
  "K->N": 0.8875559531024324,
  "K->D": 1.4752353213332636,
  "K->E": 1.8213036702924859,
  "K->Q": 0.7816452395056399,
  "K->H": 0.19843541194652178,
  "K->R": 0.039107875734612975,
  "K->K": 0.0,
  "K->M": 0.7698293805272225,
  "K->I": 1.145978644473175,
  "K->L": 1.0317656020731674,
  "K->V": 1.2366139117613415,
  "K->F": 0.9886673516542454,
  "K->Y": 0.6220767081591982,
  "K->W": 1.1240447575902592,
  "M->C": 0.7440594764943199,
  "M->S": 1.3579769617326218,
  "M->T": 1.4923519878346965,
  "M->P": 1.6995093656908549,
  "M->A": 1.512265380636546,
  "M->G": 1.3353175344607637,
  "M->N": 0.573125474734732,
  "M->D": 0.9749074173881214,
  "M->E": 0.8389351110852756,
  "M->Q": 0.8817527584532623,