{
 "d_i": [
  1,
  1,
  1,
  1,
  1,
  1,
  1,
  1,
  1
 ],
 "M_ab": {
  "C->C": 0.0,
  "C->S": 0.940854518548106,
  "C->T": 1.202485724367715,
  "C->P": 0.8110763922214681,
  "C->A": 1.403321823011147,
  "C->G": 0.40019264065338134,
  "C->N": 1.5293009014588432,
  "C->D": 1.54152126933329,
  "C->E": 1.1257227864195596,
  "C->Q": 0.5559185667657537,
  "C->H": 0.6073237767011407,
  "C->R": 0.6487224666908429,
  "C->K": 0.649272797227658,
  "C->M": 1.1068707665613886,
  "C->I": 0.6745275314136402,
  "C->L": 1.4164651466102793,
  "C->V": 0.7812364224310425,
  "C->F": 0.9704175223779514,
  "C->Y": 0.4795407164215452,
  "C->W": 0.6785361130147173,
  "S->C": 0.940854518548106,
  "S->S": 0.0,
  "S->T": 0.9479242080540249,
  "S->P": 0.6556873770572081,
  "S->A": 0.7669214595313694,
  "S->G": 0.5109727812073553,
  "S->N": 0.7947496865050757,
  "S->D": 1.0187839050603809,
  "S->E": 0.8633004932548731,
  "S->Q": 0.6751293010022867,
  "S->H": 0.5056569390905922,
  "S->R": 0.6356526565392423,
  "S->K": 0.6273228056595577,
  "S->M": 0.7697908657724664,
  "S->I": 0.9822482337929279,
  "S->L": 0.5811207313103236,
  "S->V": 1.0592856431096151,
  "S->F": 0.7059019491103,
  "S->Y": 0.9211496118633431,
  "S->W": 0.4156762089221864,
  "T->C": 1.202485724367715,
  "T->S": 0.9479242080540249,
  "T->T": 1.1102230246251565e-16,
  "T->P": 0.7541412703315681,
  "T->A": 0.22432501192242968,
  "T->G": 1.210310446224525,
  "T->N": 0.6200929456046832,
  "T->D": 0.24210154400314565,
  "T->E": 0.07997317674268725,
  "T->Q": 0.8179483481674007,
  "T->H": 1.0537167811535502,
  "T->R": 1.436672179579984,
  "T->K": 0.9902234259859095,
  "T->M": 0.5315073273651894,
  "T->I": 0.43983016102505595,
  "T->L": 0.266808515472282,
  "T->V": 0.4315183297436578,
  "T->F": 0.6181833917081704,
  "T->Y": 0.8363098043082561,
  "T->W": 1.138352113753772,
  "P->C": 0.8110763922214681,
  "P->S": 0.6556873770572081,
  "P->T": 0.7541412703315681,
  "P->P": 0.0,
  "P->A": 0.9539785529396952,
  "P->G": 0.744515560509879,
  "P->N": 0.7945196002686877,
  "P->D": 0.659549848299081,
  "P->E": 0.7939625326422101,
  "P->Q": 0.7972256702935765,
  "P->H": 0.5660274009187469,
  "P->R": 1.0304888503385294,
  "P->K": 1.1050860441644865,
  "P->M": 0.48836552372422987,
  "P->I": 0.26810509760989815,
  "P->L": 0.7103943236555753,
  "P->V": 0.526175791029962,
  "P->F": 0.418051642263121,
  "P->Y": 0.7333107393665954,
  "P->W": 0.7289149119163756,
  "A->C": 1.403321823011147,
  "A->S": 0.7669214595313694,
  "A->T": 0.22432501192242968,
  "A->P": 0.9539785529396952,
  "A->A": 0.0,
  "A->G": 1.6643722160119616,
  "A->N": 0.6409932408776077,
  "A->D": 0.3230908080250284,
  "A->E": 0.1978276427176441,
  "A->Q": 0.8322312317304138,
  "A->H": 0.7694648639680706,
  "A->R": 0.47282089531022353,
  "A->K": 0.9066354816111442,
  "A->M": 0.4517538499821316,
  "A->I": 0.6892368124390104,
  "A->L": 0.40058706418080803,
  "A->V": 0.7022247961905408,
  "A->F": 0.8769298961896341,
  "A->Y": 0.8779997870224457,
  "A->W": 0.4306194155983032,
  "G->C": 0.4001926406533815,
  "G->S": 0.5109727812073553,
  "G->T": 1.2103104462245249,
  "G->P": 0.744515560509879,
  "G->A": 1.6643722160119614,
  "G->G": 0.0,
  "G->N": 0.8602653769004097,
  "G->D": 1.4151512531015449,
  "G->E": 1.5599739823789418,
  "G->Q": 0.46061984336920997,
  "G->H": 0.6443187908605619,
  "G->R": 0.697439010314448,
  "G->K": 0.44057981314627237,
  "G->M": 0.882654704180028,
  "G->I": 0.7190794752724508,
  "G->L": 0.7212412494091517,
  "G->V": 1.1761151201576594,
  "G->F": 0.6203606393980897,
  "G->Y": 0.5797403861675027,
  "G->W": 0.8343915995761995,
  "N->C": 1.5293009014588432,
  "N->S": 0.7947496865050756,
  "N->T": 0.6200929456046832,
  "N->P": 0.7945196002686877,
  "N->A": 0.6409932408776077,
  "N->G": 0.8602653769004097,
  "N->N": 0.0,
  "N->D": 0.1933586544947756,
  "N->E": 0.5370931118537763,
  "N->Q": 0.9586839826487434,
  "N->H": 0.8519067023243553,
  "N->R": 0.6000253554825176,
  "N->K": 0.521555887406763,
  "N->M": 0.5856412964977348,
  "N->I": 0.9945231994682999,
  "N->L": 0.3453749433147969,
  "N->V": 0.6871334572906539,
  "N->F": 0.7501947132046021,
  "N->Y": 1.3117935213268619,
  "N->W": 0.9789249657606761,
  "D->C": 1.5415212693332896,
  "D->S": 1.0187839050603809,
  "D->T": 0.2421015440031458,
  "D->P": 0.659549848299081,
  "D->A": 0.3230908080250284,
  "D->G": 1.4151512531015449,
  "D->N": 0.1933586544947756,
  "D->D": 0.0,
  "D->E": 0.20883001867152384,
  "D->Q": 1.3241318103698234,
  "D->H": 0.7590112704376089,
  "D->R": 0.942804786434186,
  "D->K": 0.8553865128921154,
  "D->M": 0.7695039733426496,
  "D->I": 0.6824866756098075,
  "D->L": 0.45720847698933337,
  "D->V": 0.5690281038762737,
  "D->F": 0.5468727258979957,
  "D->Y": 1.0266107299557314,
  "D->W": 1.2864130920031802,
  "E->C": 1.1257227864195596,
  "E->S": 0.8633004932548731,
  "E->T": 0.07997317674268736,
  "E->P": 0.7939625326422101,
  "E->A": 0.1978276427176441,
  "E->G": 1.5599739823789418,
  "E->N": 0.5370931118537763,
  "E->D": 0.20883001867152384,
  "E->E": 0.0,
  "E->Q": 1.123333393006218,
  "E->H": 0.8554038361690254,
  "E->R": 1.2323807854900897,
  "E->K": 0.8924798128405192,
  "E->M": 0.49583565149523107,
  "E->I": 0.6020511762533717,
  "E->L": 0.3465056667663187,
  "E->V": 0.4914363978685665,
  "E->F": 0.7435656557256547,
  "E->Y": 1.0168438291692574,
  "E->W": 0.997556568414177,
  "Q->C": 0.5559185667657537,
  "Q->S": 0.6751293010022867,
  "Q->T": 0.8179483481674006,
  "Q->P": 0.7972256702935765,
  "Q->A": 0.8322312317304138,
  "Q->G": 0.46061984336920997,
  "Q->N": 0.9586839826487434,
  "Q->D": 1.3241318103698234,
  "Q->E": 1.123333393006218,
  "Q->Q": 1.1102230246251565e-16,
  "Q->H": 1.1435567369419026,
  "Q->R": 0.5469099906113556,
  "Q->K": 0.7604624669496972,
  "Q->M": 0.6106247283098934,
  "Q->I": 0.49206652313484206,
  "Q->L": 0.5662894707628733,
  "Q->V": 0.8455031455534144,
  "Q->F": 0.8539277193034983,
  "Q->Y": 0.8675915217841838,
  "Q->W": 0.3409400557678416,
  "H->C": 0.6073237767011407,
  "H->S": 0.5056569390905922,
  "H->T": 1.0537167811535502,
  "H->P": 0.5660274009187469,
  "H->A": 0.7694648639680706,
  "H->G": 0.6443187908605619,
  "H->N": 0.8519067023243553,
  "H->D": 0.7590112704376089,
  "H->E": 0.8554038361690254,
  "H->Q": 1.1435567369419026,
  "H->H": 0.0,
  "H->R": 0.6311027245743175,
  "H->K": 0.9899369511532733,
  "H->M": 0.8746911377817757,
  "H->I": 0.7402155720099901,
  "H->L": 0.9396186680443692,
  "H->V": 0.45105959051651257,
  "H->F": 0.7282096588252254,
  "H->Y": 0.7246891669370497,
  "H->W": 0.5304329653525134,
  "R->C": 0.6487224666908429,
  "R->S": 0.6356526565392423,
  "R->T": 1.4366721795799835,
  "R->P": 1.0304888503385294,
  "R->A": 0.47282089531022353,
  "R->G": 0.697439010314448,
  "R->N": 0.6000253554825176,
  "R->D": 0.942804786434186,
  "R->E": 1.23238078549009,
  "R->Q": 0.5469099906113556,
  "R->H": 0.6311027245743175,
  "R->R": 0.0,
  "R->K": 0.4887206882947708,
  "R->M": 0.5819186222560183,
  "R->I": 0.9805456613452064,
  "R->L": 0.8455406125516174,
  "R->V": 1.1824234771000508,
  "R->F": 1.212819091710612,
  "R->Y": 0.7784934036871536,
  "R->W": 0.21383784721853016,
  "K->C": 0.649272797227658,
  "K->S": 0.6273228056595577,
  "K->T": 0.9902234259859095,
  "K->P": 1.1050860441644865,
  "K->A": 0.9066354816111442,
  "K->G": 0.44057981314627237,
  "K->N": 0.521555887406763,
  "K->D": 0.8553865128921154,
  "K->E": 0.8924798128405192,
  "K->Q": 0.7604624669496971,
  "K->H": 0.9899369511532735,
  "K->R": 0.48872068829477056,
  "K->K": 0.0,
  "K->M": 0.8930632529160196,
  "K->I": 1.2941880157167693,
  "K->L": 0.9128330923984772,
  "K->V": 0.9806380800537884,
  "K->F": 0.5092511408284501,
  "K->Y": 0.5407915424572795,
  "K->W": 0.8918772970762697,
  "M->C": 1.1068707665613886,
  "M->S": 0.7697908657724664,
  "M->T": 0.5315073273651894,
  "M->P": 0.48836552372422987,
  "M->A": 0.4517538499821316,
  "M->G": 0.882654704180028,
  "M->N": 0.5856412964977348,
  "M->D": 0.7695039733426496,
  "M->E": 0.49583565149523107,