{
 "d_i": [
  1,
  1,
  1,
  1,
  1,
  1,
  1,
  1,
  1
 ],
 "M_ab": {
  "C->C": 0.0,
  "C->S": 0.5995342176860248,
  "C->T": 0.5448548343295996,
  "C->P": 0.9624292788913467,
  "C->A": 0.5339002893073349,
  "C->G": 0.7989257856142656,
  "C->N": 0.7785872597658972,
  "C->D": 0.9719314282406889,
  "C->E": 1.0011336300961886,
  "C->Q": 1.0819076787249489,
  "C->H": 0.9457201552243135,
  "C->R": 1.0689213774167086,
  "C->K": 0.9985332467005711,
  "C->M": 0.7012979814359437,
  "C->I": 0.5709633657031487,
  "C->L": 0.6135224038258767,
  "C->V": 0.4888971279233774,
  "C->F": 0.6940535946328654,
  "C->Y": 0.9492848097775565,
  "C->W": 1.053927126792439,
  "S->C": 0.5995342176860248,
  "S->S": 0.0,
  "S->T": 0.16719795474581994,
  "S->P": 0.45383558832528953,
  "S->A": 0.2375365362947435,
  "S->G": 0.3041884663044883,
  "S->N": 0.18952657944763526,
  "S->D": 0.2723967317214044,
  "S->E": 0.40001813340773573,
  "S->Q": 0.42239166897491187,
  "S->H": 0.5675732564732276,
  "S->R": 0.4714260881179768,
  "S->K": 0.33908601366066976,
  "S->M": 1.2606259825862414,
  "S->I": 1.2432656463278104,
  "S->L": 1.4238180241378633,
  "S->V": 1.0405606558420932,
  "S->F": 1.564056054761227,
  "S->Y": 1.2983684490504894,
  "S->W": 1.4015142387315138,
  "T->C": 0.5448548343295996,
  "T->S": 0.16719795474581994,
  "T->T": 0.0,
  "T->P": 0.555260232519132,
  "T->A": 0.3134327651837383,
  "T->G": 0.668853582982601,
  "T->N": 0.43593261070084455,
  "T->D": 0.516761645077642,
  "T->E": 0.6095517430165596,
  "T->Q": 0.6841608595721076,
  "T->H": 0.904656287938038,
  "T->R": 0.6296225504896404,
  "T->K": 0.5829380388040729,
  "T->M": 0.7461108704337724,
  "T->I": 0.5964545965736017,
  "T->L": 0.6967993110795266,
  "T->V": 0.47430217055952273,
  "T->F": 1.0328391320632095,
  "T->Y": 1.1796911656002524,
  "T->W": 1.2174599684224239,
  "P->C": 0.9624292788913467,
  "P->S": 0.45383558832528953,
  "P->T": 0.555260232519132,
  "P->P": 0.0,
  "P->A": 0.5201958536068602,
  "P->G": 0.5568350049543871,
  "P->N": 0.5518306946254165,
  "P->D": 0.4148830714891432,
  "P->E": 0.4545172640397287,
  "P->Q": 0.5217006210881585,
  "P->H": 0.6787140698001679,
  "P->R": 0.7032923412229483,
  "P->K": 0.48456705265156313,
  "P->M": 1.1550475451074642,
  "P->I": 1.039610856913971,
  "P->L": 1.262425053552122,
  "P->V": 1.0229199515882303,
  "P->F": 1.2727502588342139,
  "P->Y": 1.125912925683514,
  "P->W": 1.0261634200374492,
  "A->C": 0.5339002893073349,
  "A->S": 0.2375365362947435,
  "A->T": 0.3134327651837383,
  "A->P": 0.5201958536068602,
  "A->A": 0.0,
  "A->G": 0.37295777709092315,
  "A->N": 0.5307470120370756,
  "A->D": 0.6254499005085279,
  "A->E": 0.6690711792764124,
  "A->Q": 0.6944189118909989,
  "A->H": 0.926589768033525,
  "A->R": 0.7854198704488283,
  "A->K": 0.6119871703442158,
  "A->M": 0.7664502126497983,
  "A->I": 0.6182057481131238,
  "A->L": 0.8357879528131313,
  "A->V": 0.4907680706666238,
  "A->F": 1.2171499297340276,
  "A->Y": 1.237484222041717,
  "A->W": 1.1610329665710577,
  "G->C": 0.7989257856142656,
  "G->S": 0.3041884663044883,
  "G->T": 0.668853582982601,
  "G->P": 0.5568350049543871,
  "G->A": 0.37295777709092315,
  "G->G": 0.0,
  "G->N": 0.32534153401932897,
  "G->D": 0.4017534667460963,
  "G->E": 0.6861512831550404,
  "G->Q": 0.6502914367654649,
  "G->H": 0.6530838478978434,
  "G->R": 0.7495809795771716,
  "G->K": 0.6034370568224741,
  "G->M": 1.2581055148945774,
  "G->I": 1.2994183846822835,
  "G->L": 1.4307572003875864,
  "G->V": 1.2867226733148014,
  "G->F": 1.3083795431890328,
  "G->Y": 1.126568574844797,
  "G->W": 0.9112414386568325,
  "N->C": 0.7785872597658972,
  "N->S": 0.18952657944763526,
  "N->T": 0.43593261070084455,
  "N->P": 0.5518306946254165,
  "N->A": 0.5307470120370756,
  "N->G": 0.32534153401932897,
  "N->N": 1.1102230246251565e-16,
  "N->D": 0.13538902703225847,
  "N->E": 0.27288132075920307,
  "N->Q": 0.342624897956151,
  "N->H": 0.33550195279550216,
  "N->R": 0.42708062856801987,
  "N->K": 0.3084427903428632,
  "N->M": 1.2884577422736376,
  "N->I": 1.4525350568463995,
  "N->L": 1.6886481577313772,
  "N->V": 1.381089144162082,
  "N->F": 1.6277596613233176,
  "N->Y": 1.1135246356887527,
  "N->W": 1.2593817850031057,
  "D->C": 0.9719314282406889,
  "D->S": 0.2723967317214044,
  "D->T": 0.516761645077642,
  "D->P": 0.4148830714891432,
  "D->A": 0.6254499005085279,
  "D->G": 0.4017534667460963,
  "D->N": 0.13538902703225847,
  "D->D": 0.0,
  "D->E": 0.14686654407739352,
  "D->Q": 0.321175374576133,
  "D->H": 0.46362271487167034,
  "D->R": 0.4837438430598574,
  "D->K": 0.343056278367888,
  "D->M": 1.5398600014003274,
  "D->I": 1.539571829756978,
  "D->L": 1.656819170548967,
  "D->V": 1.482435934120955,
  "D->F": 1.7326528359092737,
  "D->Y": 1.237239425862159,
  "D->W": 1.257332119443355,
  "E->C": 1.0011336300961886,
  "E->S": 0.40001813340773557,
  "E->T": 0.6095517430165596,
  "E->P": 0.4545172640397287,
  "E->A": 0.6690711792764124,
  "E->G": 0.6861512831550404,
  "E->N": 0.27288132075920307,
  "E->D": 0.14686654407739352,
  "E->E": 0.0,
  "E->Q": 0.13878981695534745,
  "E->H": 0.3581536803150927,
  "E->R": 0.2665878239323913,
  "E->K": 0.176775495065161,
  "E->M": 1.1787884162395728,
  "E->I": 1.5914319527371812,
  "E->L": 1.4072881708467524,
  "E->V": 1.464944399953407,
  "E->F": 1.3923030725522831,
  "E->Y": 0.9805798319300459,
  "E->W": 0.9956789764134397,
  "Q->C": 1.081907678724949,
  "Q->S": 0.42239166897491187,
  "Q->T": 0.6841608595721076,
  "Q->P": 0.5217006210881585,
  "Q->A": 0.6944189118909989,
  "Q->G": 0.6502914367654649,
  "Q->N": 0.342624897956151,
  "Q->D": 0.321175374576133,
  "Q->E": 0.13878981695534734,
  "Q->Q": 0.0,
  "Q->H": 0.3128284852768843,
  "Q->R": 0.203743640063223,
  "Q->K": 0.1307756584376098,
  "Q->M": 0.8230225744813126,
  "Q->I": 1.4034907945146766,
  "Q->L": 1.1617482094207827,
  "Q->V": 1.392665015008755,
  "Q->F": 1.3763559960158755,
  "Q->Y": 0.8268584858398905,
  "Q->W": 0.7383190643260245,
  "H->C": 0.9457201552243134,
  "H->S": 0.5675732564732276,
  "H->T": 0.904656287938038,
  "H->P": 0.6787140698001679,
  "H->A": 0.926589768033525,
  "H->G": 0.6530838478978434,
  "H->N": 0.33550195279550216,
  "H->D": 0.46362271487167034,
  "H->E": 0.3581536803150927,
  "H->Q": 0.3128284852768843,
  "H->H": 0.0,
  "H->R": 0.34160732554305606,
  "H->K": 0.37049206655584677,
  "H->M": 0.8344339850150896,
  "H->I": 1.3268263529625957,
  "H->L": 1.1051034056276463,
  "H->V": 1.4096271093024317,
  "H->F": 0.7028012513495152,
  "H->Y": 0.3801213822779029,
  "H->W": 0.7871797505181083,
  "R->C": 1.0689213774167086,
  "R->S": 0.4714260881179768,
  "R->T": 0.6296225504896404,
  "R->P": 0.7032923412229483,
  "R->A": 0.7854198704488283,
  "R->G": 0.7495809795771716,
  "R->N": 0.42708062856801987,
  "R->D": 0.4837438430598574,
  "R->E": 0.2665878239323913,
  "R->Q": 0.20374364006322315,
  "R->H": 0.34160732554305606,
  "R->R": 1.1102230246251565e-16,
  "R->K": 0.07781714950563813,
  "R->M": 0.9332607426075387,
  "R->I": 1.314815134961702,
  "R->L": 1.120136269657182,
  "R->V": 1.215850943174596,
  "R->F": 1.0500857647447646,
  "R->Y": 0.6949743296138473,
  "R->W": 0.8318659823459247,
  "K->C": 0.9985332467005711,
  "K->S": 0.33908601366066976,
  "K->T": 0.5829380388040729,
  "K->P": 0.48456705265156313,
  "K->A": 0.6119871703442158,
  "K->G": 0.6034370568224741,
  "K->N": 0.3084427903428632,
  "K->D": 0.343056278367888,
  "K->E": 0.176775495065161,
  "K->Q": 0.1307756584376098,
  "K->H": 0.37049206655584677,
  "K->R": 0.07781714950563802,
  "K->K": 1.1102230246251565e-16,
  "K->M": 1.1101047884020798,
  "K->I": 1.461467698645809,
  "K->L": 1.3923161225737994,
  "K->V": 1.3654149692665563,
  "K->F": 1.5385184603936684,
  "K->Y": 1.0036930696411739,
  "K->W": 1.0001663462217347,
  "M->C": 0.7012979814359437,
  "M->S": 1.2606259825862414,
  "M->T": 0.7461108704337724,
  "M->P": 1.1550475451074642,
  "M->A": 0.7664502126497983,
  "M->G": 1.2581055148945774,
  "M->N": 1.2884577422736376,
  "M->D": 1.5398600014003272,